,fuzzer_combination,complemetary_metric
0,fcb,1738.2846687499787
1,fca,2317.6182687500677
