,fuzzer_combination,complemetary_metric
0,fcb,1383.6250749999754
1,fca,1346.7292749999813
