,fuzzer_combination,complemetary_metric
0,fcb,529.2276437499971
1,fca,530.0441124999969
