,fuzzer_combination,complemetary_metric
0,fca,3978.1620875003346
1,fcb,4008.037262500316
