,fuzzer_combination,complemetary_metric
0,fca,5793.158893750048
1,fcb,5465.141306250096
