,fuzzer_combination,complemetary_metric
0,fcb,630.1928687499889
1,fca,576.7029374999905
