,fuzzer_combination,complemetary_metric
0,fcb,399.22291875000275
1,fca,392.7526437500032
