,fuzzer_combination,complemetary_metric
0,fcb,659.0577312499639
1,fca,640.8425187499719
