,fuzzer_combination,complemetary_metric
0,fca,849.6631812499863
1,fcb,848.4355312499881
