,fuzzer_combination,complemetary_metric
0,fcb,3823.1603125000634
1,fca,3945.752093750076
